asdasdasd#asdasd#10
ciu#ciu123#1
golden#golden123#474
halo#halo123#369
jesi#jesijesi#222
josua#josua123#363
kevin#kevin123#304
okeoke#okeoke123#3
janganbohonglagiyaa#semangat232#11
theo#thetheoo#9
theo1#theo1#2
lesgo#lesgo#64
asdwer#asdwer#0
